r (mm),theta (deg),z (mm),Driving Frequency (Hz),Power Supply Average (V),Power Supply Min (V),Power Supply Max (V),TX Current RMS (A),TX Current Peak-to-Peak (A),TX Current Average (A),TX Current Frequency (Hz),TX Voltage RMS (V),TX Voltage Peak-to-Peak (V),TX Voltage Average (V),TX Voltage Frequency (Hz),RX Voltage Average (V),RX Voltage RMS (V),RX Coil Min (V),RX Coil Max (V)
0.0,0.0,200.0,115000.0,9.703486917123245,8.816624246180826,10.752897683241553,3.618963867710286,10.235975566908158,0.2048617648032741,137931.0344827586,194.20801034669034,549.3032043075677,-4.8551580721983925,114942.52873563218,0.6055872866881684,0.6055872866881684,-0.676801413714406,1.4651910014263991
0.0,0.0,200.0,115100.0,9.696532811672693,8.808384784746524,10.777616067544455,3.7694192213279765,10.661527570143711,0.20091866857171423,138089.7583429229,205.3087647038942,580.7008790366276,-4.176515735096417,115074.79861910241,0.7616408720287907,0.7616408720287907,-0.6111464737867185,1.5636734113179305
0.0,0.0,200.0,115200.0,9.691416106121993,8.651835017494806,10.81057391328166,3.975989578380136,11.245796771198545,0.20893852531387,115340.25374855824,217.44066674776093,615.015079852264,-2.3734807435339733,115207.3732718894,0.8612394158990926,0.8612394158990926,-0.5701121363319137,1.6375352187365788
0.0,0.0,200.0,115300.0,9.711685181250374,8.734229631837815,10.909447450493271,4.17872948496316,11.81923182224648,-0.16984933343907527,115340.25374855824,230.19960939489,651.1028193184848,3.5965684507505613,115273.77521613833,0.9558728049373632,0.9558728049373632,-0.5536984013499919,1.760638231100993
0.0,0.0,200.0,115400.0,9.680729524641706,8.585919326020399,10.843531759018862,4.198779592162753,11.875942089303877,-0.12378528127631798,115473.44110854504,230.37440887078444,651.5972268974961,5.737672503230964,115273.77521613833,0.9609938902517229,0.9609938902517229,-0.5126640638951871,1.8591206409925243
0.0,0.0,200.0,115500.0,9.681998401702588,8.643595556060506,10.90120798905897,4.454942329879483,12.60047972501112,-0.16119457137149887,115606.93641618497,244.75843390446343,692.281393465782,4.872883498018599,115440.11544011543,1.0412488474458301,1.0412488474458301,-0.652180811241523,1.9411893159021338
0.0,0.0,200.0,115600.0,9.668625755794718,8.618877171757601,11.000081526270582,4.720839576024312,13.352550708402468,0.2798808414121896,138728.32369942198,259.95413189185774,735.2613178327791,-1.8375786765973607,115606.93641618497,1.1308021855071957,1.1308021855071957,-0.6111464737867185,2.138154135685196
0.0,0.0,200.0,115700.0,9.637628901878877,8.569440403151795,11.016560449139183,5.010566892149727,14.172023308111507,-0.14884733359555485,115874.85515643106,276.79049375725197,782.8817404149025,5.788591546974161,115440.11544011543,1.2056488170247595,1.2056488170247595,-0.6029396062957575,2.236636545576727
0.0,0.0,200.0,115800.0,9.644096879104803,8.635356094626204,10.99184206483628,5.034130069602176,14.238670038363221,0.26330647081173436,115874.85515643106,276.4203064675356,781.8346926434325,-3.0379325274616114,115740.74074074073,1.2302119714252056,1.2302119714252056,-0.5783190038228747,2.253050280558649
0.0,0.0,200.0,115900.0,9.644912585786798,8.552961480283194,11.131912909219396,5.357172674302933,15.152372503947504,0.2657792599738991,116009.28074245939,295.6782355221547,836.3043415479549,-3.189854920269192,115874.85515643106,1.3113696840433184,1.3113696840433184,-0.6685945462234449,2.5156700402693994
0.0,0.0,200.0,116000.0,9.653802964674409,8.43760902020298,11.131912909219396,5.7170295086067275,16.170201335117653,0.3267301712142832,116144.01858304298,317.1665022501029,897.0823380250646,5.83825848308433,116009.28074245939,1.3991831661966003,1.3991831661966003,-0.6685945462234449,2.622359317651892
0.0,0.0,200.0,116100.0,9.601910836561183,8.454087943071581,11.23078644643101,6.18150318325195,17.483931275214736,0.2630558502885421,116279.06976744186,340.98278141426016,964.4449480234946,-3.5053860437926194,116144.01858304298,1.5244363778436458,1.5244363778436458,-0.7424563536420935,2.942427149799368
0.0,0.0,200.0,116200.0,9.596777652087612,8.429369558768679,11.206068062128105,6.188144626665917,17.502716113914268,-0.21536202045080938,116144.01858304298,341.70047753482146,966.4748991982152,4.773132256587254,116110.30478955008,1.560152665164308,1.560152665164308,-0.6932151486963278,2.8685653423807196
0.0,0.0,200.0,116300.0,9.570502009573627,8.412890635900078,11.271983753602512,6.668223867457554,18.860585260596892,-0.20794365296431522,116414.43538998836,369.0999528937555,1043.9723185072392,6.571158817617583,116279.06976744186,1.6815322353556206,1.6815322353556206,-0.7670769561149762,3.1968400420191574
0.0,0.0,200.0,116400.0,9.558719579722576,8.330496021557067,11.354378367945523,7.227599468482074,20.442738383455847,0.3403305116061889,116414.43538998836,399.8137984906266,1130.8441924986957,-3.6673252976644255,116414.43538998836,1.8024276003649662,1.8024276003649662,-0.7096288836782496,3.4348391992570244
0.0,0.0,200.0,116500.0,9.505921110851574,8.231622484345456,11.445012443722833,7.802764392731073,22.069550456404304,0.37511664022528957,116686.11435239206,432.5292588955178,1223.3774881064498,6.992701720737499,116550.11655011655,1.9531467218364638,1.9531467218364638,-0.7014220161872887,3.7056658264587354
0.0,0.0,200.0,116600.0,9.503902442800172,8.289298714385563,11.387336213682726,7.83111358213077,22.14973407266697,-0.23258800441156485,116686.11435239206,433.39337899981,1225.8215888484685,6.377082134498007,116618.07580174928,1.97702870623516,1.97702870623516,-0.7178357511692106,3.7220795614406574
0.0,0.0,200.0,116700.0,9.473432914416128,8.27281979151696,11.387336213682726,8.486232430811894,24.00268999420916,-0.26177694134603574,116686.11435239206,471.5182681312127,1333.6550593956692,4.717622151522952,116788.32116788322,2.1597464040539145,2.1597464040539145,-0.7752838236059373,4.124216068497743
0.0,0.0,200.0,116800.0,9.388945476868805,8.206904100042554,11.48620975089434,9.190249341120175,25.993950519605107,0.3843060594090098,116686.11435239206,510.0683315647988,1442.6911044719104,7.577018616151261,116822.42990654206,2.324335131585136,2.324335131585136,-0.7916975585878592,4.5509731780277125
0.0,0.0,200.0,116900.0,9.338445817737973,8.124509485699544,11.354378367945523,9.949144434029426,28.14042998522641,0.3828190443047351,116959.06432748538,550.6670542510681,1557.5216329478028,-5.303412604822927,116959.06432748538,2.531533915129427,2.531533915129427,-0.808111293569781,4.9941440225396025
0.0,0.0,200.0,117000.0,9.34640513748351,8.157467331436747,11.370857290814126,9.933150212598573,28.09519149549219,0.42201609413202146,116959.06432748538,550.6297887638771,1557.4162302330149,9.287397642869509,116959.06432748538,2.5026211209587714,2.5026211209587714,-0.7342494861511326,4.953109685084798
0.0,0.0,200.0,117100.0,9.292617933240392,8.09155163996234,11.255504830733912,10.605873575511804,29.99794050260645,-0.26648860718205264,117233.29425556859,588.8690666210638,1665.5732409549883,7.269000138426014,117130.30746705711,2.6739887210375275,2.6739887210375275,-0.8409387635336247,5.281384384723236
0.0,0.0,200.0,117200.0,9.226702241765983,8.10803056283094,11.049518294876389,11.07761050410848,31.332214027193743,0.3895189662914112,117233.29425556859,615.4143288305609,1740.6545806218298,9.001917102538783,117233.29425556859,2.8284501740849026,2.8284501740849026,-0.8245250285517027,5.511176674470142
0.0,0.0,200.0,117300.0,9.226084282158412,8.10803056283094,11.033039372007785,11.093609336353198,31.37746555827897,0.3913067260235165,117233.29425556859,616.1841608466156,1742.8319943775368,-4.1573167513899465,117233.29425556859,2.804034743299294,2.804034743299294,-0.8163181610607418,5.5357972769430255
0.0,0.0,200.0,117400.0,9.228284218361368,8.083312178528038,10.892968527624669,11.250603585383544,31.821512350665557,0.35461588142815403,117233.29425556859,623.4392058522957,1763.352360462857,-4.462413644638145,117370.89201877934,2.866357695025651,2.866357695025651,-0.808111293569781,5.576831614397829
0.0,0.0,200.0,117500.0,9.233911770520997,8.124509485699544,10.98360260340198,11.14405922411168,31.52015938925546,-0.2511840472324386,117508.81316098708,619.5988464049827,1752.4901836333017,6.007710382754296,117647.05882352941,2.838954964473333,2.838954964473333,-0.8409387635336247,5.511176674470142
0.0,0.0,200.0,117600.0,9.222277650975764,8.058593794225136,10.99184206483628,11.1027780375466,31.40339856143308,-0.22881198852879994,117508.81316098708,615.8677396152453,1741.9370199838838,-5.561346777227016,117647.05882352941,2.8093117590959817,2.8093117590959817,-0.8327318960426638,5.511176674470142
0.0,0.0,200.0,117700.0,9.216460591203148,8.00915702561933,11.05775775631069,11.091055410228757,31.370241964354,-0.26431656264771874,117508.81316098708,616.8120077136496,1744.6078134864429,-4.575938070032811,117647.05882352941,2.8193487580374272,2.8193487580374272,-0.7916975585878592,5.4701423370153375
0.0,0.0,200.0,117800.0,9.26636700911071,8.124509485699544,11.304941599339717,10.684811766664241,30.2212114236404,-0.20000733639655693,117785.63015312131,592.7309752873521,1676.4963681800104,-4.652734004858619,117785.63015312131,2.6851172333552698,2.6851172333552698,-0.8655593660065075,6.569862580804103
0.0,0.0,200.0,117900.0,9.306072973762607,8.215143561476854,11.354378367945523,10.00291657605767,28.2925205702948,-0.1941929402584941,117924.52830188679,557.135544791566,1575.8172870487113,4.402508397210535,117994.10029498526,2.5310250893449875,2.5310250893449875,-0.7916975585878592,7.636755354629026
0.0,0.0,200.0,118000.0,9.374551137743081,8.26458033008266,11.387336213682726,9.267906675991314,26.213598631990134,0.20634877990754893,117924.52830188679,516.0796371256708,1459.6936441754185,-1.7015163138081626,117924.52830188679,2.35152448358269,2.35152448358269,-0.808111293569781,4.5181457080638685
0.0,0.0,200.0,118100.0,9.391664499142124,8.256340868648358,11.40381513655133,9.282206244823696,26.25404392034782,0.2721450212629854,118063.75442739078,516.4047310089901,1460.6131485330877,-2.176482475937333,117924.52830188679,2.2980075006741334,2.2980075006741334,-0.7424563536420935,5.765589566689932
0.0,0.0,200.0,118200.0,9.45642666601573,8.388172251597174,11.379096752248426,8.537617296570293,24.148028342321656,0.19221378239949952,118203.3096926714,476.3019216553932,1347.185274778849,-1.6689615153493833,118203.3096926714,2.1261146610759565,2.1261146610759565,-0.8245250285517027,4.157043538461587
0.0,0.0,200.0,118300.0,9.502378142434825,8.421130097334379,11.42029405941993,7.85137294714195,22.20703621019473,0.18006704104210922,118343.19526627219,438.038475012308,1238.9599044072684,-0.21192559971408992,118343.19526627219,1.9976853917099089,1.9976853917099089,-0.676801413714406,3.8205619713321886
0.0,0.0,200.0,118400.0,9.488601762916675,8.412890635900078,11.39557567511703,7.833812092982514,22.157366613956466,0.2025393479550249,118343.19526627219,437.6738370067227,1237.9285523815574,-0.8747079067976993,118343.19526627219,1.9509226607464132,1.9509226607464132,-0.7424563536420935,3.787734501368345
0.0,0.0,200.0,118500.0,9.557697886504723,8.462327404505883,11.346138906511223,7.220549778449555,20.422798848946815,0.17363444761350505,118623.96204033215,403.796634788067,1142.1093547157998,0.1670456438828296,118483.41232227487,1.824085523673612,1.824085523673612,-0.676801413714406,3.5415284766395168
0.0,0.0,200.0,118600.0,9.575346812896994,8.569440403151795,11.222546984996708,6.658834918070244,18.834029301476956,-0.032693075113331874,118764.84560570071,371.68655602498643,1051.288336964566,2.8123317032631094,118623.96204033215,1.678700866071239,1.678700866071239,-0.6850082812053669,3.246081246964923
0.0,0.0,200.0,118700.0,9.604605140450198,8.618877171757601,11.000081526270582,6.163567214469861,17.433200694602874,0.1304608854848998,118623.96204033215,344.32799552763834,973.9066423598572,-0.3179373793105769,118623.96204033215,1.5506162851398118,1.5506162851398118,-0.6685945462234449,2.9013928123445636
0.0,0.0,200.0,118800.0,9.61336368795486,8.651835017494806,11.090715602047892,6.143659639663575,17.376893570032863,0.1329002585773056,118623.96204033215,343.8991649746046,972.6937263917367,3.026442108511139,118764.84560570071,1.5347031690748383,1.5347031690748383,-0.676801413714406,2.9095996798355244
0.0,0.0,200.0,118900.0,9.632429801713831,8.725990170403513,11.07423667917929,5.719470851698761,16.17710649613997,0.11821389591823277,118906.06420927469,319.8389976554209,904.6412965202256,0.2050262420847248,118906.06420927469,1.4291054050686438,1.4291054050686438,-0.5947327388047965,2.7044279925615013
0.0,0.0,200.0,119000.0,9.64913119004116,8.734229631837815,10.975363141967678,5.321415709884983,15.051236535889188,0.08867409025129226,119189.51132300356,298.08173194663016,843.1024560291718,0.9158060084344543,119189.51132300356,1.3221945422638957,1.3221945422638957,-0.6111464737867185,2.450015100341712
0.0,0.0,200.0,119100.0,9.640520952842316,8.750708554706417,10.925926373361873,5.314413248961488,15.0314305854732,-0.003988671190366034,118906.06420927469,297.57433682554733,841.6673259057372,-0.09589695905336339,118906.06420927469,1.3053704639074257,1.3053704639074257,-0.5783190038228747,2.3843601604140243
0.0,0.0,200.0,119200.0,9.672341752901586,8.800145323312222,10.99184206483628,4.966710923517378,14.047979896849753,0.09931710846952825,119189.51132300356,278.0567644401732,786.4632947617478,1.2638919304166556,119331.74224343676,1.1987058071274064,1.1987058071274064,-0.676801413714406,2.1873953406309616
0.0,0.0,200.0,119300.0,9.688136800471142,8.86606101478663,10.892968527624669,4.665911236501826,13.1971899029798,0.0722166758949935,119331.74224343676,261.66915340356576,740.1121311960173,1.4212401229673524,119331.74224343676,1.1237442794649695,1.1237442794649695,-0.5536984013499919,2.0724991957575085
0.0,0.0,200.0,119400.0,9.682608121848725,8.816624246180826,10.802334451847358,4.664408665712527,13.192939991002495,0.01325402080526888,119331.74224343676,261.11189047756744,738.5359536205083,2.7576563366208067,119331.74224343676,1.1205189805410216,1.1205189805410216,-0.5701121363319137,2.056085460775587
0.0,0.0,200.0,119500.0,9.709139187667173,8.899018860523833,10.860010681887465,4.385300736868171,12.40350355432739,0.006236646155882653,119617.22488038278,245.5509299426491,694.5229107564402,1.451708075371069,119331.74224343676,1.0545193521787137,1.0545193521787137,-0.5619052688409528,1.9411893159021338
0.0,0.0,200.0,119600.0,9.705604458711859,8.86606101478663,10.769376606110155,4.147995470073454,11.73230290088008,0.012802903863522716,119617.22488038278,231.9999265896786,656.1948853053719,2.816922764584202,119617.22488038278,0.9822250564508388,0.9822250564508388,-0.5126640638951871,1.8098794360467585
0.0,0.0,200.0,119700.0,9.692289489034028,8.973174013432544,10.64578468459564,3.915335722297802,11.07424175943482,0.013838802026051113,143540.6698564593,219.85699534311763,621.8494891936707,2.3832761543449905,119581.46487294469,0.9001071403362837,0.9001071403362837,-0.5126640638951871,1.6867764236823446
0.0,0.0,200.0,119800.0,9.700825571079964,8.94021616769534,10.695221453201446,3.9002869580988495,11.031677426580593,0.0393686793219137,119617.22488038278,219.61395067003343,621.1620550477943,1.5568851165455417,119760.47904191617,0.9169476324277356,0.9169476324277356,-0.46342285894942153,1.6457420862275398
0.0,0.0,200.0,119900.0,9.712813987466872,8.981413474866844,10.752897683241553,3.7206284607503344,10.523526459488911,0.020939716849834852,167464.11483253588,207.84597204922503,587.8771851132666,2.0614844926564255,119904.0767386091,0.8695611795349271,0.8695611795349271,-0.4305953889855778,1.5554665438269693
0.0,0.0,200.0,120000.0,9.704607483878307,8.981413474866844,10.596347915989835,3.5263910247790125,9.974140026946474,0.04052153372859861,120048.01920768307,197.7251771739515,559.2512543640506,1.2192334248385979,119904.0767386091,0.8235370666456182,0.8235370666456182,-0.33211297909404647,1.4405703989535161
0.0,0.0,175.0,115000.0,9.736980327853678,9.022610782038349,10.596347915989835,3.5494672130226985,10.039409343710664,0.24095112014297526,114942.52873563218,195.57598873012776,553.1724314733485,0.32648068248858364,114942.52873563218,0.9539031567395327,0.9539031567395327,-0.5126640638951871,1.8016725685557977
0.0,0.0,175.0,115100.0,9.72564282892008,8.841342630483727,10.579868993121233,3.741026755655281,10.581221550096636,0.2102751681042294,137931.0344827586,205.97480883420604,582.5847363210796,-1.7753906641568975,115074.79861910241,1.0316714330838785,1.0316714330838785,-0.5619052688409528,1.8509137735015633
0.0,0.0,175.0,115200.0,9.707697281916172,8.816624246180826,10.596347915989835,3.9382692734709797,11.13910763763979,-0.1441356677595382,115473.44110854504,217.0690167183834,613.9638948282599,5.310286431156897,115107.91366906474,1.056152518809415,1.056152518809415,-0.6111464737867185,1.9493961833930946
0.0,0.0,175.0,115300.0,9.707079322308598,8.78366640044362,10.63754522316134,4.161512390987197,11.770534526635563,-0.1344450075294334,161476.35524798153,229.20430689823115,648.2876787396074,4.871631390385572,115273.77521613833,1.146083372775365,1.146083372775365,-0.6111464737867185,2.056085460775587
0.0,0.0,175.0,115400.0,9.708916722208446,8.78366640044362,10.670503068898542,4.156717508775245,11.756972551727312,0.24920488937344387,115340.25374855824,228.73851716218945,646.9702264157586,-2.038333267093083,115340.25374855824,1.1337648646714324,1.1337648646714324,-0.6111464737867185,2.146361003176157
0.0,0.0,175.0,115500.0,9.696985982051581,8.635356094626204,10.703460914635748,4.388728413014434,12.413198486514325,0.24171968974743183,126448.89357218124,242.82927416391166,686.824905727637,-1.8855761358634917,115473.44110854504,1.2215947605596966,1.2215947605596966,-0.660387678732484,2.2612571480496104
0.0,0.0,175.0,115600.0,9.675332677402237,8.651835017494806,10.703460914635748,4.670839324944519,13.211128642004264,0.260232192393908,138408.3044982699,257.5988834565265,728.5996692727722,-1.7937549094413279,115606.93641618497,1.2913695479678462,1.2913695479678462,-0.676801413714406,2.417187630377868
0.0,0.0,175.0,115700.0,9.700561908314066,8.75894801614072,10.81057391328166,4.9448480281336815,13.986142290521018,0.286079522352481,115606.93641618497,274.450855186603,776.2642432195765,5.18883199075304,115874.85515643106,1.3919200884671,1.3919200884671,-0.6275602087686404,2.679807390088618
0.0,0.0,175.0,115800.0,9.680960229561864,8.841342630483727,10.785855528978756,4.940989546375916,13.975228856057015,0.2895547936074151,138888.88888888888,274.6957594809765,776.9569371687494,5.023971152404165,115606.93641618497,1.4097700252599397,1.4097700252599397,-0.6850082812053669,2.6387730526338133
0.0,0.0,175.0,115900.0,9.652937821223809,8.750708554706417,10.761137144675853,5.3137521902633145,15.029560829120237,-0.1977183356180667,115874.85515643106,292.6928267638994,827.8603304376508,5.8695611739100535,115942.02898550725,1.4964919940369241,1.4964919940369241,-0.6439739437505622,2.811117269943993
0.0,0.0,175.0,116000.0,9.657535440704148,8.495285250243088,10.884729066190369,5.641318162685299,15.956057310662441,-0.20989849304521574,116009.28074245939,313.35853085246265,886.3117684337213,-1.4498426795692394,115942.02898550725,1.612487859154166,1.612487859154166,-0.7014220161872887,3.0983576321276263
0.0,0.0,175.0,116100.0,9.603484573695132,8.635356094626204,10.90120798905897,6.101996762715834,17.259053158778908,0.2782601620288792,116144.01858304298,337.54079622440815,954.7095437495425,-1.3621951452571701,116144.01858304298,1.77658417463593,1.77658417463593,-0.7260426186601716,3.3117361868926105
0.0,0.0,175.0,116200.0,9.620845118937206,8.668313940363406,10.909447450493271,6.055653198500967,17.12797376469616,0.340848460687453,116009.28074245939,336.8561818441893,952.7731618665401,7.392958794095921,116144.01858304298,1.7279502778844953,1.7279502778844953,-0.7342494861511326,3.2789087169287665
0.0,0.0,175.0,116300.0,9.600419494041573,8.602398248889,11.033039372007785,6.599882829229203,18.667287614338505,-0.20532049148823514,116279.06976744186,363.51067590383474,1028.1634558612275,6.748540732296748,116279.06976744186,1.8750255501900064,1.8750255501900064,-0.7178357511692106,3.5497353441304775
0.0,0.0,175.0,116400.0,9.573418778921368,8.478806327374485,11.07423667917929,7.09672344153701,20.072565078865413,0.324107009738203,116414.43538998836,393.65867184790005,1113.43486534616,-1.6756394227255478,116414.43538998836,2.0625196448885004,2.0625196448885004,-0.7916975585878592,4.025733658606212
0.0,0.0,175.0,116500.0,9.521452495655232,8.495285250243088,11.033039372007785,7.685176508822565,21.73696169601597,0.3096044354628045,116550.11655011655,425.8967549719736,1204.617934104112,-2.345517006396323,116414.43538998836,2.235848686297595,2.235848686297595,-0.7260426186601716,4.271939683335041
0.0,0.0,175.0,116600.0,9.5260089178284,8.536482557414592,11.131912909219396,7.69241154836045,21.757425478093538,-0.24323102262980076,116550.11655011655,425.8582488837437,1204.5090224396947,-3.532932411719263,116618.07580174928,2.2472398183750486,2.2472398183750486,-0.7424563536420935,4.337594623262728
0.0,0.0,175.0,116700.0,9.484276045663666,8.388172251597174,11.131912909219396,8.336069582502677,23.57796532092222,-0.262796131473685,116822.42990654206,462.1406507633478,1307.1311520669092,6.334927844186018,116618.07580174928,2.4162848749538623,2.4162848749538623,-0.7834906910968982,4.7069036603559695
0.0,0.0,175.0,116800.0,9.41968690748018,8.462327404505883,11.140152370653698,9.034308761803514,25.552883955217226,0.3628362345888637,116822.42990654206,500.7455923061523,1416.3224158758183,-3.057548880379072,116822.42990654206,2.6692369447602604,2.6692369447602604,-0.7260426186601716,5.174695107340743
0.0,0.0,175.0,116900.0,9.376182551107071,8.363453867294272,11.05775775631069,9.71010562966074,27.464326147083124,0.35546799120700806,116959.06432748538,538.9574117388844,1524.4017624452615,-3.3497073280859513,116959.06432748538,2.857527105605377,2.857527105605377,-0.808111293569781,5.601452216870713
0.0,0.0,175.0,117000.0,9.361491591369715,8.322256560122767,11.000081526270582,9.715182650937507,27.478686131775245,0.35750637146230607,116822.42990654206,539.8450584441778,1526.9124064637049,-3.6022157007468922,116959.06432748538,2.8335466387967894,2.8335466387967894,-0.8737662334974684,5.699934626762245
0.0,0.0,175.0,117100.0,9.310596438090037,8.322256560122767,10.917686911927571,10.365226968935595,29.317289113088172,-0.23201993122566233,117096.01873536299,575.2590315941601,1627.078248716148,6.895454694572193,117130.30746705711,3.018184743608429,3.018184743608429,-0.8655593660065075,5.921520049018189
0.0,0.0,175.0,117200.0,9.261423332250128,8.330496021557067,10.802334451847358,10.867596642829218,30.738205125378794,-0.2809577653876918,117233.29425556859,601.620550403815,1701.6398835668829,-6.754605351504091,117233.29425556859,3.1814931998110607,3.1814931998110607,-0.8573524985155466,6.315449688584314
0.0,0.0,175.0,117300.0,9.248157799340905,8.248101407214058,10.769376606110155,10.874260097169595,30.757052220379624,-0.3007734947547684,117233.29425556859,602.5343446765099,1704.224484074211,-6.568876052604719,117233.29425556859,3.1882720723585942,3.1882720723585942,-0.8245250285517027,6.340070291057197
0.0,0.0,175.0,117400.0,9.222203495822855,8.297538175819865,10.56339007025263,11.053518548656601,31.264071686905474,0.4063105413452997,117370.89201877934,613.4158291501777,1735.0019699170375,10.403860282320805,117370.89201877934,3.22956902957311,3.22956902957311,-0.8327318960426638,6.430345833457767
0.0,0.0,175.0,117500.0,9.225556956626617,8.322256560122767,10.538671685949728,11.027373249680512,31.190121614096903,-0.24075823346763575,117508.81316098708,613.514854432171,1735.282055710663,6.804050837361057,117647.05882352941,3.225030631850608,3.225030631850608,-0.8245250285517027,6.356484026039118
0.0,0.0,175.0,117600.0,9.236853258253042,8.281059252951263,10.769376606110155,10.959067478715808,30.996923718723632,-0.2298311786564488,117647.05882352941,607.5187175606728,1718.3224195396267,-5.118100675134578,117647.05882352941,3.209133929520617,3.209133929520617,-0.7999044260788201,6.36469089353008
0.0,0.0,175.0,117700.0,9.225095546786296,8.256340868648358,10.695221453201446,10.957186699613441,30.991604072094844,0.3191781394487532,117508.81316098708,607.0356930397514,1716.956219882735,10.33666383934822,117647.05882352941,3.196413284909627,3.196413284909627,-0.8409387635336247,6.299035953602392
0.0,0.0,175.0,117800.0,9.274219215857599,8.355214405859972,10.917686911927571,10.571330892149021,29.900239040021635,0.30459202499895716,117785.63015312131,587.7433642530515,1662.3892738429113,-1.9711368241204983,117785.63015312131,3.121230171824934,3.121230171824934,-0.7834906910968982,6.134898603783173
0.0,0.0,175.0,117900.0,9.329003394934265,8.412890635900078,11.049518294876389,9.9438554362649,28.125470440486506,-0.1613449436854143,117924.52830188679,553.3518664311904,1565.1154285429097,6.28442616965383,117994.10029498526,2.899890955593718,2.899890955593718,-0.7670769561149762,5.683520891780321
0.0,0.0,175.0,118000.0,9.39428464787823,8.462327404505883,11.23078644643101,9.2416317106472,26.139281807309075,0.24305633253779116,118063.75442739078,514.274421173103,1454.587722409151,-1.0750451280824092,118063.75442739078,2.6885312902315097,2.6885312902315097,-0.7999044260788201,5.256763782250353
0.0,0.0,175.0,118100.0,9.396377471082543,8.43760902020298,11.140152370653698,9.253900470188553,26.173983099582827,0.24445980746766827,118063.75442739078,514.3966131089102,1454.9333333948132,-1.5454202288904852,118063.75442739078,2.6739066523626174,2.6739066523626174,-0.7424563536420935,5.330625589669001
0.0,0.0,175.0,118200.0,9.459063293674706,8.552961480283194,11.189589139259503,8.52579123727443,24.114579195430377,-0.12620794633384425,118203.3096926714,476.3383063508598,1347.2881862384322,4.428385288293143,118168.38995568686,2.4534701915554065,2.4534701915554065,-0.7752838236059373,4.862834142684228
0.0,0.0,175.0,118300.0,9.500870320992348,8.536482557414592,11.08247614061359,7.856576958123309,22.22175537601188,0.19176266545775317,118343.19526627219,438.6533804200497,1240.6991195416779,-0.9318874887060338,118343.19526627219,2.287962294865198,2.287962294865198,-0.7424563536420935,4.4524907681361805
0.0,0.0,175.0,118400.0,9.497244957961257,8.585919326020399,11.024799910573485,7.848373772936743,22.198553264520882,-0.0930424970980541,118483.41232227487,438.23089539635913,1239.5041514408726,-0.664353824448739,118343.19526627219,2.258581709247557,2.258581709247557,-0.7178357511692106,4.427870165663298
0.0,0.0,175.0,118500.0,9.533531546117917,8.585919326020399,11.107194524916494,7.230333669325099,20.450471871284762,0.16838812466134487,118483.41232227487,404.2460673168073,1143.380541870832,4.319451924219582,118483.41232227487,2.0837261904851436,2.0837261904851436,-0.7342494861511326,4.033940526097173
0.0,0.0,175.0,118600.0,9.582416270807625,8.709511247534913,10.934165834796175,6.684878665033821,18.90769214181876,-0.04913378143475123,118623.96204033215,372.9516848354567,1054.866661608398,3.9429848958887086,118518.51851851853,1.8978898830198236,1.8978898830198236,-0.7834906910968982,3.672838356494892
0.0,0.0,175.0,118700.0,9.619271381803253,8.77542693900932,10.958884219099076,6.189894214968773,17.507664696927204,-0.05959301126931285,118764.84560570071,345.7764436756426,978.0034723904608,2.966758311336733,118764.84560570071,1.780556298501555,1.780556298501555,-0.6850082812053669,3.369184259329337
0.0,0.0,175.0,118800.0,9.605000634599044,8.709511247534913,10.99184206483628,6.18928337123626,17.505936969945182,-0.032125001927429196,118623.96204033215,345.74735674059644,977.9212021144006,3.321522140695084,118764.84560570071,1.7697970952209054,1.7697970952209054,-0.6932151486963278,3.3363567893654933
0.0,0.0,175.0,118900.0,9.628664367838356,8.816624246180826,10.843531759018862,5.732044005289491,16.21266874479959,0.1367096905298295,118906.06420927469,320.72949199654994,907.159994869108,1.2672308841047306,119047.61904761905,1.648803247801668,1.648803247801668,-0.676801413714406,3.0819438971457043
0.0,0.0,175.0,119000.0,9.648875766736698,8.86606101478663,10.876489604756067,5.3431351078806175,15.1126682703132,0.004615966772572108,118906.06420927469,299.12116945195726,846.0424292637174,2.368668231959651,119189.51132300356,1.5148507566142038,1.5148507566142038,-0.6932151486963278,2.8439447399078372
0.0,0.0,175.0,119100.0,9.64794470759462,8.85782155335233,10.794094990413058,5.3469753696762305,15.123530170942038,0.10705292861873267,119047.61904761905,298.95544841318696,845.5736993825184,3.000982586639544,119047.61904761905,1.502597903450199,1.502597903450199,-0.6439739437505622,2.876772209871681
0.0,0.0,175.0,119200.0,9.667727654498378,8.93197670626104,10.744658221807251,5.008540290391265,14.166291212726813,0.09565804883091962,119189.51132300356,279.4907319852215,790.5191674621681,1.1090479531320017,119189.51132300356,1.4274968590404156,1.4274968590404156,-0.6111464737867185,2.7044279925615013
0.0,0.0,175.0,119300.0,9.672490063207404,8.915497783392436,10.719939837504349,4.6665203187464,13.198912647721556,0.009227384399311617,119331.74224343676,262.0243621900744,741.1168133627265,2.3123233884733345,119331.74224343676,1.3313698201187902,1.3313698201187902,-0.5701121363319137,2.52387690776036
0.0,0.0,175.0,119400.0,9.682830587307452,8.915497783392436,10.670503068898542,4.695640271756365,13.281276312686275,0.08021982460226976,119331.74224343676,262.00656266647917,741.0664687073822,1.3878505860865662,119189.51132300356,1.282662061559937,1.282662061559937,-0.6193533412776794,2.4582219678326727
0.0,0.0,175.0,119500.0,9.691440824506294,8.981413474866844,10.621066300292735,4.3952537482005605,12.431654921552827,0.012819611898402073,143369.17562724015,246.72254651457104,697.8367428482663,1.4834281354078158,119617.22488038278,1.2462235699000703,1.2462235699000703,-0.5536984013499919,2.294084618013454
0.0,0.0,175.0,119600.0,9.686975036408905,9.014371320604047,10.629305761727037,4.1546843349104625,11.751221867618838,0.05479019551568415,143540.6698564593,233.13760830121086,659.4127351175974,0.854870103627025,119617.22488038278,1.1514670778494356,1.1514670778494356,-0.5783190038228747,2.17098160564904
0.0,0.0,175.0,119700.0,9.707244111537284,9.014371320604047,10.538671685949728,3.928514958754242,11.11151826931166,0.038416321333782734,119904.0767386091,220.159362187357,622.7047117775413,2.77769005874928,119760.47904191617,1.082225736828198,1.082225736828198,-0.5044571964042263,1.9986373883388602
0.0,0.0,175.0,119800.0,9.707491295380315,9.014371320604047,10.604587377424135,3.9350743691720402,11.130071083659702,0.03111491009144507,119617.22488038278,219.30998590134416,620.3023128510664,1.356130526049821,119760.47904191617,1.0534688731398707,1.0534688731398707,-0.5783190038228747,2.056085460775587
0.0,0.0,175.0,119900.0,9.712731592852528,9.022610782038349,10.513953301646824,3.73404153421601,10.561464360305443,0.05557547315502015,144057.6230492197,209.12919458060105,591.506686528096,2.0126522949682712,120048.01920768307,1.0368417596031838,1.0368417596031838,-0.520870931386148,1.9493961833930946
0.0,0.0,175.0,120000.0,9.711973562400573,9.063808089209854,10.497474378778222,3.5346095329403355,9.997385478354907,0.051598960853701255,144230.76923076925,198.66854606809028,561.9195045328746,2.1174119669317406,120048.01920768307,0.9582117621722872,0.9582117621722872,-0.5126640638951871,1.8262931710286807
0.0,0.0,150.0,115000.0,9.725099024465413,9.063808089209854,10.522192763081126,3.5614556041230334,10.073317634280917,-0.15167099149018884,115074.79861910241,194.7515345567134,550.8405229261532,5.503945745065454,115107.91366906474,1.0062957988018273,1.0062957988018273,-0.520870931386148,1.8591206409925243
0.0,0.0,150.0,115100.0,9.724027894478956,8.874300476220933,10.497474378778222,3.757050360994793,10.62654315007514,0.23682423552774085,115074.79861910241,204.32219280225547,577.9104323095202,-2.0880002032032516,115207.3732718894,1.067904753056471,1.067904753056471,-0.5865258713138356,1.9986373883388602
0.0,0.0,150.0,115200.0,9.702432266059654,8.882539937655233,10.505713840212522,3.9321732662558513,11.121865525479873,0.23518684810955076,115207.3732718894,215.66991359351712,610.0066335995709,-2.5041173065800466,115207.3732718894,1.1308514267121414,1.1308514267121414,-0.652180811241523,2.121740400703274
0.0,0.0,150.0,115300.0,9.69792528065509,8.800145323312222,10.56339007025263,4.122044570620879,11.658902672956858,0.22634829765829986,138408.3044982699,228.18449585540557,645.4032175239638,-2.0425069592031813,115473.44110854504,1.1986483590549697,1.1986483590549697,-0.7014220161872887,2.253050280558649
0.0,0.0,150.0,115400.0,9.708867285439842,8.750708554706417,10.57162953168693,4.13611868721859,11.698710286098665,-0.16772741300937988,138408.3044982699,227.5616892916569,643.641654545587,5.410872411010265,115273.77521613833,1.217909877056255,1.217909877056255,-0.6357670762596013,2.2038090756128836
0.0,0.0,150.0,115500.0,9.706164742089394,8.816624246180826,10.596347915989835,4.370365079390626,12.361259135591984,-0.1805257677270702,115473.44110854504,241.67747412384438,683.5671232520269,3.470105579814579,115606.93641618497,1.2873317691622939,1.2873317691622939,-0.676801413714406,2.4582219678326727
0.0,0.0,150.0,115600.0,9.675695213705344,8.800145323312222,10.629305761727037,4.652699668992791,13.159821947076832,-0.16231400970842466,115606.93641618497,255.96596035307988,723.981065274359,6.18926598954359,115606.93641618497,1.3783377227695597,1.3783377227695597,-0.660387678732484,2.548497510233243
0.0,0.0,150.0,115700.0,9.696598727364169,8.890779399089533,10.670503068898542,4.918119460334385,13.910542484351868,-0.19472759737463774,115874.85515643106,272.1367167298085,769.7188712379607,-0.9314701194950212,115774.24023154848,1.4797581912228548,1.4797581912228548,-0.7260426186601716,2.819324137434954
0.0,0.0,150.0,115800.0,9.680638890565927,8.899018860523833,10.769376606110155,4.948056924865709,13.995218421078393,0.25516965782542217,138888.88888888888,272.57284722080817,770.952434548633,-2.332578560855005,115740.74074074073,1.493143592100612,1.493143592100612,-0.7342494861511326,2.7782897999801492
0.0,0.0,150.0,115900.0,9.653044934222454,8.750708554706417,10.769376606110155,5.2652866556769995,14.89247959648098,-0.20127714704739813,115874.85515643106,290.787847227113,822.4722346437177,4.590741911375954,115942.02898550725,1.609336422037637,1.609336422037637,-0.7670769561149762,2.975254619763212
0.0,0.0,150.0,116000.0,9.643322369729978,8.445848481637281,10.761137144675853,5.625131638387911,15.910274906284346,-0.2327383767254801,138888.88888888888,311.96602933903324,882.3731793818874,5.230151542643021,116110.30478955008,1.7241833257061443,1.7241833257061443,-0.6932151486963278,3.22146064449204
0.0,0.0,150.0,116100.0,9.6247588631185,8.69303232466631,10.81057391328166,6.006198033973126,16.988093435886828,0.24639793951368938,116144.01858304298,334.9105774910959,947.2701617402266,-1.721967405147636,116279.06976744186,1.8426740785406384,1.8426740785406384,-0.7096288836782496,3.48408040420279
0.0,0.0,150.0,116200.0,9.617491658133444,8.750708554706417,10.785855528978756,6.05606569655274,17.129140485374702,-0.19788541596686163,116144.01858304298,334.48619950664505,946.0698395378606,6.217229726681242,116110.30478955008,1.8573561644819674,1.8573561644819674,-0.7752838236059373,3.5415284766395168
0.0,0.0,150.0,116300.0,9.602685345936006,8.651835017494806,10.892968527624669,6.5279184535937755,18.46374162227584,-0.21123513583557504,139534.88372093023,359.1937831967398,1015.9534394338611,7.839543849876427,116279.06976744186,1.9843492320370972,1.9843492320370972,-0.7424563536420935,3.787734501368345
0.0,0.0,150.0,116400.0,9.564816781183959,8.487045788808786,10.909447450493271,7.031703547880363,19.888661047998838,0.29306348093210827,116279.06976744186,388.58992039260556,1099.0982712414084,-4.03210598808702,116414.43538998836,2.138047446407813,2.138047446407813,-0.7588700886240153,6.241587881165666
0.0,0.0,150.0,116500.0,9.51853572630749,8.585919326020399,11.041278833442087,7.599468899811813,21.49454396989282,-0.27106660873903315,116550.11655011655,421.0013824748769,1190.7717297475872,5.933001293983562,116618.07580174928,2.340576522349748,2.340576522349748,-0.7834906910968982,4.5181457080638685
0.0,0.0,150.0,116600.0,9.543987422678047,8.643595556060506,10.917686911927571,7.600271498907979,21.496814062946715,0.3073822668238321,116550.11655011655,422.0101395042744,1193.6249254918134,-1.7925028018082958,116550.11655011655,2.3423409988603043,2.3423409988603043,-0.7424563536420935,4.501731973081947
0.0,0.0,150.0,116700.0,9.47031839799396,8.43760902020298,11.041278833442087,8.240881054491393,23.308731506330442,0.33032239871337365,116686.11435239206,456.40191710015444,1290.899562112239,-3.876009903169339,116686.11435239206,2.5502373661413267,2.5502373661413267,-0.7834906910968982,4.977730287557681
0.0,0.0,150.0,116800.0,9.429747289891464,8.52000363454599,10.975363141967678,8.916290876643147,25.219078967624466,-0.2559792532428525,116686.11435239206,493.54589001124134,1395.9585826147948,8.32786582675793,116959.06432748538,2.7599638648728337,2.7599638648728337,-0.7999044260788201,5.4044873970876495
0.0,0.0,150.0,116900.0,9.366781325610535,8.404651174465776,10.917686911927571,9.587107062542042,27.116433663539684,0.33468319581692096,116959.06432748538,532.0358501462324,1504.824629891003,-4.939884022033398,117096.01873536299,2.9808352896570653,2.9808352896570653,-0.9065937034613123,5.896899446545306
0.0,0.0,150.0,117000.0,9.367605271753964,8.454087943071581,10.967123680533376,9.591683653155485,27.129378216569602,-0.26446693496163387,116959.06432748538,531.799364127793,1504.1557464218258,7.43219149993085,116959.06432748538,2.958627506226525,2.958627506226525,-0.7999044260788201,5.970761253963954
0.0,0.0,150.0,117100.0,9.315919130176594,8.454087943071581,10.892968527624669,10.217247690741798,28.898740508744478,-0.2976323841974239,117096.01873536299,566.9713974965359,1603.6372796344565,8.059497424078614,117130.30746705711,3.1961506651499167,3.1961506651499167,-0.8327318960426638,6.323656556075275
0.0,0.0,150.0,117200.0,9.258597196978164,8.363453867294272,10.654024146029942,10.726804463458393,30.339984706294224,0.3422185195475715,117233.29425556859,594.2303451175964,1680.7372264778994,10.799108925147106,117370.89201877934,3.3497175696407777,3.3497175696407777,-0.9148005709522732,6.7422067981142835
0.0,0.0,150.0,117300.0,9.260879527795463,8.355214405859972,10.629305761727037,10.715468159829008,30.307920797614514,-0.3247829408765976,117233.29425556859,593.8879375138973,1679.7687515238777,-6.064694045704855,117233.29425556859,3.3474853016832364,3.3474853016832364,-0.808111293569781,6.586276315786025
0.0,0.0,150.0,117400.0,9.23158000293509,8.34697494442567,10.505713840212522,10.973767438667982,31.038501484185048,0.3549500421257437,117370.89201877934,607.848352075215,1719.2547667418103,-3.228670256893107,117370.89201877934,3.437399741914205,3.437399741914205,-0.808111293569781,6.783241135569088
0.0,0.0,150.0,117500.0,9.236877976637345,8.421130097334379,10.497474378778222,10.988666766115244,31.080643146077357,-0.2722862952852356,117647.05882352941,610.0232753314409,1725.406378673961,7.696386210500081,117647.05882352941,3.434986922871862,3.434986922871862,-0.8983868359703513,6.783241135569088
0.0,0.0,150.0,117600.0,9.240190240133934,8.371693328728572,10.761137144675853,10.834969710656873,30.64592222542528,0.29924545383752027,117647.05882352941,600.6230028317603,1698.8183929558588,10.185993554173663,117647.05882352941,3.3525571457926504,3.3525571457926504,-0.7999044260788201,6.701172460659478
0.0,0.0,150.0,117700.0,9.248891111408557,8.314017098688465,10.612826838858435,10.84072329001942,30.66219580535869,-0.2544086979641803,117647.05882352941,601.1615571566286,1700.3416546164658,-5.701165462915313,117647.05882352941,3.3484783326496426,3.3484783326496426,-0.8737662334974684,6.651931255713713
0.0,0.0,150.0,117800.0,9.282227972371736,8.371693328728572,10.736418760372949,10.50278683960118,29.706367182555294,-0.21586326149719423,117785.63015312131,584.0650193020398,1651.9853432092966,6.262305601470296,117820.32400589102,3.2700042657010737,3.2700042657010737,-0.7916975585878592,6.405725230984885
0.0,0.0,150.0,117900.0,9.33959110287734,8.454087943071581,10.942405296230476,9.937032692277842,28.106172806328313,0.26354038330004737,117785.63015312131,552.1083510530614,1561.5982359173706,-2.3951839425064754,117924.52830188679,3.0779143252076424,3.0779143252076424,-0.8163181610607418,9.393024997694667
0.0,0.0,150.0,118000.0,9.39862684405411,8.561200941717495,11.016560449139183,9.221384679771436,26.082014555984493,-0.13751928594725973,117924.52830188679,513.4539786312457,1452.2671604694663,-3.883105179756509,118203.3096926714,2.8486472749801575,2.8486472749801575,-0.808111293569781,8.482062706198002
0.0,0.0,150.0,118100.0,9.40890145246268,8.470566865940185,11.06599721774499,9.226689613981685,26.097019175799755,-0.1708852316016037,118203.3096926714,514.6467318285951,1455.640775965977,5.464295670019521,117994.10029498526,2.855688767287402,2.855688767287402,-0.7999044260788201,5.634279686834556
0.0,0.0,150.0,118200.0,9.441612114356856,8.585919326020399,11.000081526270582,8.526101645438999,24.11545716230279,0.18658317464511065,118063.75442739078,474.9928106212016,1343.4825496204369,6.251036632773048,118203.3096926714,2.6175747139046615,2.6175747139046615,-0.7588700886240153,5.133660769885939
0.0,0.0,150.0,118300.0,9.511565141934073,8.701271786100612,10.958884219099076,7.868431926118489,22.255286289052446,-0.0836692895306596,118343.19526627219,439.269303081977,1242.441211905419,3.783967226493962,118343.19526627219,2.4243193982275133,2.4243193982275133,-0.7424563536420935,4.682283057883087
0.0,0.0,150.0,118400.0,9.50627540769325,8.577679864586097,10.90120798905897,7.86017614553923,22.231935415326117,-0.1355978619361183,118203.3096926714,438.9203098888063,1241.4541100915033,4.0122681849163415,118343.19526627219,2.397761975026764,2.397761975026764,-0.7260426186601716,4.7725586002836575
0.0,0.0,150.0,118500.0,9.557071687435716,8.684792863232008,11.000081526270582,7.260106152274875,20.53468116963095,-0.09359386224907734,118483.41232227487,404.7711939836874,1144.8658243793634,3.942150157466691,118483.41232227487,2.2198288809552396,2.2198288809552396,-0.7588700886240153,4.337594623262728
0.0,0.0,150.0,118600.0,9.585118814158077,8.78366640044362,10.967123680533376,6.700733403379501,18.952536113811437,0.14305874378403632,118483.41232227487,374.3094964559503,1058.707132826098,-0.02285734712663543,118623.96204033215,2.0550267748692526,2.0550267748692526,-0.7260426186601716,3.960078718678525
0.0,0.0,150.0,118700.0,9.623852522360725,8.85782155335233,10.909447450493271,6.220268532204018,17.593576239691014,0.11530669784920121,118764.84560570071,346.10470793836913,978.9319439352413,0.767222569314963,118764.84560570071,1.902034351102759,1.902034351102759,-0.6932151486963278,3.5743559466033603
0.0,0.0,150.0,118800.0,9.614805593705864,8.85782155335233,10.851771220453163,6.181429379439176,17.483722526508775,-0.062450085233705634,118764.84560570071,346.566744547736,980.2387808138003,2.8845365767678013,118764.84560570071,1.8737616925963985,1.8737616925963985,-0.7014220161872887,3.6400108865310483
0.0,0.0,150.0,118900.0,9.634481427610973,8.86606101478663,10.876489604756067,5.7489117911262655,16.260378047794735,-0.04365354599427804,118906.06420927469,322.0719075042548,910.9569193037803,2.7814463816483768,118906.06420927469,1.7209908542521608,1.7209908542521608,-0.676801413714406,3.295322451910688
0.0,0.0,150.0,119000.0,9.657049312479526,8.849582091918029,10.860010681887465,5.346651849959317,15.12261511899933,0.10113828427139279,119189.51132300356,299.9288797781628,848.3269790592948,0.9341702537188794,119189.51132300356,1.6377239766888712,1.6377239766888712,-0.6685945462234449,3.0737370296547435
0.0,0.0,150.0,119100.0,9.65660438156207,8.907258321958135,10.736418760372949,5.3612433544607345,15.163886126121996,0.09433811407543982,119189.51132300356,299.99187154579386,848.5051466834982,1.3744947713342552,118906.06420927469,1.6125453072266027,1.6125453072266027,-0.6439739437505622,3.0737370296547435
0.0,0.0,150.0,119200.0,9.699713243786334,8.973174013432544,10.794094990413058,5.019690218307253,14.19782797128336,0.08728732335629462,119331.74224343676,280.6375857471052,793.7629597503973,0.5714764093513586,119331.74224343676,1.4947931724662953,1.4947931724662953,-0.660387678732484,2.876772209871681
0.0,0.0,150.0,119300.0,9.698625634877008,9.006131859169747,10.728179298938649,4.701712292396894,13.298450580567966,0.07256754462746277,119189.51132300356,263.2647061429327,744.6250358430059,0.9404307918840387,119189.51132300356,1.418764752030033,1.418764752030033,-0.6193533412776794,2.6141524501609306
0.0,0.0,150.0,119400.0,9.676189581391405,8.964934551998242,10.662263607464242,4.7150915079034625,13.336292716614569,0.06945985013987738,119331.74224343676,262.8079724522418,743.3331978834703,2.402475138051446,119331.74224343676,1.4027449466876774,1.4027449466876774,-0.5865258713138356,2.7044279925615013
0.0,0.0,150.0,119500.0,9.690773428130118,9.022610782038349,10.596347915989835,4.410561010776298,12.474950398227655,0.028307960231690514,143712.57485029942,247.2259163800392,699.2604878295364,2.793132719556641,119331.74224343676,1.3152679461015249,1.3152679461015249,-0.6685945462234449,2.417187630377868
0.0,0.0,150.0,119600.0,9.691646811042153,9.080287012078456,10.555150608818328,4.163125711313255,11.775097685606688,-0.0013655097142858353,119617.22488038278,233.35928377409945,660.0397280380064,2.067327661610565,119474.31302270011,1.2365640868632095,1.2365640868632095,-0.5865258713138356,2.3515326904501803
0.0,0.0,150.0,119700.0,9.709600597507494,9.047329166341253,10.546911147384028,3.945722521232373,11.16018860577557,0.0532864723765299,119474.31302270011,220.61429144906248,623.9914460411899,1.5798404231510885,119474.31302270011,1.1416434574627552,1.1416434574627552,-0.6111464737867185,2.0889129307394305
0.0,0.0,150.0,119800.0,9.718754639161004,9.088526473512758,10.579868993121233,3.937801790568464,11.13778539631796,0.040170664996129264,143884.89208633095,221.10746124320778,625.3863408640559,1.6541321427108395,119760.47904191617,1.1573103675029994,1.1573103675029994,-0.6357670762596013,2.1135335332123133
0.0,0.0,150.0,119900.0,9.73529947772108,9.12972378068426,10.505713840212522,3.742123431205437,10.584323416969742,0.05388796163219152,119760.47904191617,209.5382119199476,592.6635622651953,2.2434574686567084,119904.0767386091,1.1006583612128962,1.1006583612128962,-0.5126640638951871,2.023257990811743
0.0,0.0,150.0,120000.0,9.729556573101371,9.063808089209854,10.439798148738115,3.5448673252788736,10.026398896445242,0.01960307405947559,120192.30769230769,199.36441035925367,563.8877059691434,2.3181665574274666,120192.30769230769,1.0383846506914847,1.0383846506914847,-0.5044571964042263,1.8919481109563678
0.0,0.0,125.0,115000.0,9.71997407945328,9.006131859169747,10.431558687303815,3.548681293949921,10.037186428887365,0.20362537022219182,114678.89908256881,193.7017568392846,547.8713031552235,-3.128919015461755,115074.79861910241,0.9759714234227265,0.9759714234227265,-0.4798365939313434,1.7770519660829147
0.0,0.0,125.0,115100.0,9.706757983312661,8.915497783392436,10.513953301646824,3.7323899258482838,10.556792906398707,-0.13270737190196638,183908.0459770115,203.90375881382803,576.7269222667363,5.909211248955997,115107.91366906474,1.0397880250324387,1.0397880250324387,-0.6029396062957575,1.9740167858659774
0.0,0.0,125.0,115200.0,9.713572017918828,8.94845562912964,10.513953301646824,3.927807941519889,11.109518522588353,0.20380915860586624,138408.3044982699,215.83049748639655,610.4608334379884,-0.8217020169994467,115207.3732718894,1.1039164876068075,1.1039164876068075,-0.5865258713138356,2.0478785932846257
0.0,0.0,125.0,115300.0,9.699194157715974,8.808384784746524,10.505713840212522,4.133488634469492,11.691271373563602,0.20245580778062736,138408.3044982699,227.14695515192338,642.4686092552065,-1.7390795427990398,115473.44110854504,1.1666251621052401,1.1666251621052401,-0.5701121363319137,2.212015943103845
0.0,0.0,125.0,115400.0,9.696285627829663,8.824863707615126,10.497474378778222,4.144144712968201,11.721411315032775,0.21493670983560745,138248.84792626728,227.57834421131548,643.6887617721098,-1.361777776046154,115340.25374855824,1.175037201283475,1.175037201283475,-0.6357670762596013,2.253050280558649
0.0,0.0,125.0,115500.0,9.706346010240946,8.701271786100612,10.538671685949728,4.35219623219466,12.309869875357546,0.24689918056007412,115473.44110854504,240.8269977292351,681.1616127485578,4.431724241981214,115340.25374855824,1.2284967361195946,1.2284967361195946,-0.6275602087686404,2.3515326904501803
0.0,0.0,125.0,115600.0,9.698930494950076,9.006131859169747,10.596347915989835,4.635428175872093,13.110970787449382,0.22673258246052821,138888.88888888888,255.03177887132154,721.3388010319181,-2.923990732855933,115606.93641618497,1.3140040885079165,1.3140040885079165,-0.6439739437505622,2.6059455826699693
0.0,0.0,125.0,115700.0,9.673470559118085,8.833103169049426,10.654024146029942,4.944509522738186,13.985184852678525,0.2466485600368817,115473.44110854504,272.00796636100955,769.3547102025287,-2.959049746580753,115740.74074074073,1.429745540732939,1.429745540732939,-0.6932151486963278,2.6716005225976573
0.0,0.0,125.0,115800.0,9.693327661174752,8.701271786100612,10.621066300292735,4.929486565330504,13.942693512452731,-0.18517060142356875,115740.74074074073,271.80893121588576,768.7917537992828,5.215543620257668,115774.24023154848,1.4268238959061568,1.4268238959061568,-0.6932151486963278,2.7044279925615013
0.0,0.0,125.0,115900.0,9.647689284290157,8.742469093272117,10.711700376070048,5.2620920759194405,14.883443960442534,0.24065037551514434,115874.85515643106,290.4017485767472,821.3801827481951,-1.8283965539551463,115874.85515643106,1.5398406681241796,1.5398406681241796,-0.7096288836782496,2.9095996798355244
0.0,0.0,125.0,116000.0,9.634473188149538,8.684792863232008,10.744658221807251,5.635183212739438,15.938705051826608,-0.19397573580506064,116009.28074245939,310.93749520300736,879.4640455328245,5.113705532771269,115942.02898550725,1.6174448071187066,1.6174448071187066,-0.7342494861511326,3.1393919695824306
0.0,0.0,125.0,116100.0,9.61706320613886,8.701271786100612,10.752897683241553,6.041527015135958,17.08801888449743,0.2688869544614845,116144.01858304298,334.0007852409506,944.6968806620317,-3.159804337076479,116009.28074245939,1.7906917798528919,1.7906917798528919,-0.7424563536420935,3.4266323317660636
0.0,0.0,125.0,116200.0,9.628985706834294,8.734229631837815,10.719939837504349,6.060730144736512,17.142333537139656,-0.22426740304157827,116144.01858304298,333.55021516136253,943.4224760273257,7.2977986139856785,116110.30478955008,1.7748607324628283,1.7748607324628283,-0.7178357511692106,3.3363567893654933
0.0,0.0,125.0,116300.0,9.586362972834657,8.610637710323301,10.827052836150262,6.529543203161677,18.468337108024613,0.29289640058331334,139534.88372093023,359.68463085563883,1017.3417662664094,-3.7103143263984384,116279.06976744186,1.9163963692119406,1.9163963692119406,-0.7096288836782496,3.648217754022009
0.0,0.0,125.0,116400.0,9.563869243119013,8.618877171757601,10.794094990413058,7.022667851307164,19.863104238720226,-0.2535900042550852,116279.06976744186,388.96451731563513,1100.1577913393517,7.348300288517872,116448.32605531295,2.07294236660202,2.07294236660202,-0.7424563536420935,4.083181731042939
0.0,0.0,125.0,116500.0,9.534759225871628,8.536482557414592,10.884729066190369,7.595111628221557,21.482219744737055,0.3093203988698532,116414.43538998836,422.11182466559796,1193.9125345602852,-2.05586277395549,116550.11655011655,2.277933502791243,2.277933502791243,-0.7588700886240153,4.427870165663298
0.0,0.0,125.0,116600.0,9.530005056624036,8.610637710323301,10.827052836150262,7.586097193883591,21.45672307414131,0.3334133851660796,116550.11655011655,420.82359153431605,1190.2688610287707,8.236461969546774,116550.11655011655,2.269513256745517,2.269513256745517,-0.808111293569781,4.370422093226571
0.0,0.0,125.0,116700.0,9.48321315513864,8.503524711677388,10.892968527624669,8.19870945345876,23.189452206075767,-0.28301285367786927,116686.11435239206,455.3453173968889,1287.911046851524,-5.1306217514648775,116788.32116788322,2.45222274769678,2.45222274769678,-0.7670769561149762,4.747937997810775
0.0,0.0,125.0,116800.0,9.434196599065984,8.495285250243088,10.942405296230476,8.922781015237955,25.23743585166938,-0.2799886993646814,116822.42990654206,494.3561491030214,1398.2503414080577,7.038612333948579,116788.32116788322,2.6667420570430087,2.6667420570430087,-0.8163181610607418,5.289591252214196
0.0,0.0,125.0,116900.0,9.364317726641678,8.454087943071581,10.958884219099076,9.617870465401129,27.20344570663582,-0.2672237607167502,116822.42990654206,532.5797040468824,1506.3628810155005,7.867507587014094,116959.06432748538,2.89435952690481,2.89435952690481,-0.7670769561149762,5.716348361744165
0.0,0.0,125.0,117000.0,9.357240029269615,8.51176417311169,10.835292297584562,9.619036055098539,27.206742492152298,-0.23734979435221987,116959.06432748538,533.4770493198091,1508.9009567257092,6.556133526021229,117130.30746705711,2.9041421129540352,2.9041421129540352,-0.9065937034613123,5.7245552292351265
0.0,0.0,125.0,117100.0,9.300750281676047,8.412890635900078,10.794094990413058,10.275618175264713,29.063837170453667,-0.2516351641741849,117096.01873536299,569.0107239606838,1609.405365921865,7.122503545361549,117130.30746705711,3.067934774338634,3.067934774338634,-0.8819731009884295,6.569862580804103
0.0,0.0,125.0,117200.0,9.252359924672398,8.379932790162874,10.538671685949728,10.808904134464898,30.57219764270176,0.3633207676003688,117233.29425556859,598.0487189450827,1691.5372185839826,-4.162742551133087,117370.89201877934,3.260156024711921,3.260156024711921,-0.8737662334974684,6.422138965966806
0.0,0.0,125.0,117300.0,9.247226740198826,8.379932790162874,10.604587377424135,10.798772901430569,30.54354218838034,0.3442736078377489,117233.29425556859,599.497094079145,1695.6338420999723,-3.943206346141924,117233.29425556859,3.293262528170457,3.293262528170457,-0.7916975585878592,6.405725230984885
0.0,0.0,125.0,117400.0,9.215340024448084,8.355214405859972,10.423319225869514,11.042188637217096,31.232025858069004,-0.27517678531938794,117508.81316098708,611.456305724398,1729.4596007079865,7.284442799233359,117474.30249632892,3.3491430889164104,3.3491430889164104,-0.8245250285517027,6.602690050767946
0.0,0.0,125.0,117500.0,9.223521809652343,8.388172251597174,10.431558687303815,11.079878779228576,31.33862967806981,-0.2623617225668182,117370.89201877934,614.0472711292239,1736.7879575382751,-5.798412489080598,117647.05882352941,3.3508419104870395,3.3508419104870395,-0.7916975585878592,6.651931255713713
0.0,0.0,125.0,117600.0,9.23724875240189,8.404651174465776,10.513953301646824,10.957448302997234,30.992343998201488,-0.22276367990242396,117785.63015312131,607.2530478367831,1717.5709920863533,7.028178103673323,117647.05882352941,3.265219661953844,3.265219661953844,-0.8163181610607418,6.586276315786025
0.0,0.0,125.0,117700.0,9.247086669354445,8.396411713031476,10.546911147384028,10.945117436640595,30.95746704132675,-0.23086707681897717,117647.05882352941,608.2382280503545,1720.3575025251816,7.108312992187225,117647.05882352941,3.302019255783313,3.302019255783313,-0.8573524985155466,12.24080801705811
0.0,0.0,125.0,117800.0,9.287089254617976,8.43760902020298,10.777616067544455,10.597545620872577,29.9743854898112,-0.2162809623691813,117785.63015312131,588.5464024357542,1664.6606088210744,5.904202818423888,117820.32400589102,3.1948950144237998,3.1948950144237998,-0.9394211734251561,6.290829086111431
0.0,0.0,125.0,117900.0,9.327866349256333,8.536482557414592,10.843531759018862,9.983568096670163,28.237794806372587,-0.21034960998696187,117924.52830188679,555.7819594572071,1571.988769573352,6.328667306020877,117994.10029498526,3.00598113164937,3.00598113164937,-0.7916975585878592,5.872278844072424
0.0,0.0,125.0,118000.0,9.360511095459032,8.487045788808786,10.860010681887465,9.297074712847323,26.296098298609266,-0.16259804630137598,117924.52830188679,517.798013377377,1464.5539461762637,4.281053956806674,117994.10029498526,2.795598083518586,2.795598083518586,-0.7424563536420935,5.4044873970876495
0.0,0.0,125.0,118100.0,9.39133492068475,8.536482557414592,10.942405296230476,9.294675558288617,26.289312464778963,-0.15900581880228537,118063.75442739078,517.4063541677513,1463.4461666441018,-2.4740667233873426,118063.75442739078,2.79332478122359,2.79332478122359,-0.7752838236059373,5.445521734542455
0.0,0.0,125.0,118200.0,9.432433354319045,8.585919326020399,10.958884219099076,8.582381188058255,24.274639747215403,-0.11355996393006933,118203.3096926714,478.22738278962254,1352.6313012785479,-1.8997666890378277,118203.3096926714,2.578050440068194,2.578050440068194,-0.7342494861511326,5.002350890030564
0.0,0.0,125.0,118300.0,9.492070576180515,8.602398248889,10.958884219099076,7.924668390620321,22.414347030649253,-0.10253266090960511,118343.19526627219,441.9584758811511,1250.0473411937328,3.3323737401813376,118343.19526627219,2.3649016775929557,2.3649016775929557,-0.7752838236059373,4.592007515482517
0.0,0.0,125.0,118400.0,9.49447649891933,8.676553401797708,10.934165834796175,7.904210485004859,22.356483335490985,0.218328440916144,118343.19526627219,441.02273522603105,1247.4006669430635,6.506049220700046,118343.19526627219,2.330457454733393,2.330457454733393,-0.7670769561149762,5.831244506617619
0.0,0.0,125.0,118500.0,9.524369265002976,8.742469093272117,10.958884219099076,7.295838992058305,20.635748902918614,0.16588191942942124,118483.41232227487,407.48482737401565,1152.541138667185,4.237647558861645,118483.41232227487,2.1642930086439063,2.1642930086439063,-0.6850082812053669,4.222698478389274
0.0,0.0,125.0,118600.0,9.563729172274632,8.791905861877922,10.98360260340198,6.720893395016884,19.009557180993266,0.14474625530686483,118623.96204033215,375.9716358826561,1063.4083730657026,0.624482299149604,118623.96204033215,1.9752724365920944,1.9752724365920944,-0.7506632211330544,4.157043538461587
0.0,0.0,125.0,118700.0,9.608296419172763,8.85782155335233,10.794094990413058,6.231592098740667,17.625604122432144,-0.06463883780291917,118623.96204033215,348.7775320640937,986.4918321921167,3.680042292952516,118764.84560570071,1.8491000557860608,1.8491000557860608,-0.7014220161872887,3.533321609148556
0.0,0.0,125.0,118800.0,9.616997290447387,8.791905861877922,10.925926373361873,6.221350434968125,17.596636322815353,-0.04251739962247274,118764.84560570071,348.31108403416255,985.172517931975,4.61327984877049,118764.84560570071,1.8674259908933768,1.8674259908933768,-0.676801413714406,3.598976549076243
0.0,0.0,125.0,118900.0,9.631943673489207,8.915497783392436,10.802334451847358,5.79168395920842,16.381356008182504,0.11579123086070651,118906.06420927469,323.24623065219265,914.2784067486251,1.3235757275910547,119047.61904761905,1.7005885816696318,1.7005885816696318,-0.7096288836782496,3.172219439546274
0.0,0.0,125.0,119000.0,9.648587385586495,8.95669509056394,10.728179298938649,5.389046825390845,15.242526217462812,0.0810719343811237,119189.51132300356,301.17740623626287,851.8583451593483,3.141218641538839,119047.61904761905,1.5472596763360087,1.5472596763360087,-0.6850082812053669,2.967047752272251
0.0,0.0,125.0,119100.0,9.66462961699908,8.923737244826738,10.744658221807251,5.37730168865583,15.209305954137644,0.08189062809021885,119047.61904761905,301.3132342211483,852.2425247160979,1.2250765937927353,119189.51132300356,1.5598161835971787,1.5598161835971787,-0.676801413714406,3.672838356494892
0.0,0.0,125.0,119200.0,9.670578508154646,8.973174013432544,10.868250143321767,5.0361929497387115,14.2445047444965,0.11002695882728206,119331.74224343676,281.36367314617246,795.8166450448555,1.0084619732786377,119189.51132300356,1.4570333751403841,1.4570333751403841,-0.652180811241523,2.8275310049259152
0.0,0.0,125.0,119300.0,9.686925599640297,9.014371320604047,10.63754522316134,4.715373515887203,13.337090355645175,0.013554765433099846,119189.51132300356,264.0480531513192,746.840675769615,2.8365391175016628,119474.31302270011,1.3676934156337834,1.3676934156337834,-0.6029396062957575,2.548497510233243
0.0,0.0,125.0,119400.0,9.6835391809908,8.973174013432544,10.670503068898542,4.716199586146711,13.339426835174114,0.0539213777019506,119189.51132300356,263.5867415944043,745.5358896490781,2.2902028202898075,119331.74224343676,1.3531672601747824,1.3531672601747824,-0.5947327388047965,2.548497510233243
0.0,0.0,125.0,119500.0,9.703429240893206,9.072047550644154,10.695221453201446,4.4335222347717576,12.539894546993786,0.0786492693235975,119474.31302270011,248.17891010720626,701.9559611371686,0.9529518682143225,119474.31302270011,1.275144570938217,1.275144570938217,-0.6111464737867185,2.408980762886907
0.0,0.0,125.0,119600.0,9.703297409510254,8.94845562912964,10.538671685949728,4.170067885636758,11.794733119768,0.04043799355420103,119904.0767386091,234.34933437165145,662.8400140029937,1.3002030517745007,119760.47904191617,1.1890381172230546,1.1890381172230546,-0.5865258713138356,2.269464015540571
0.0,0.0,125.0,119700.0,9.710391585805187,9.055568627775553,10.464516533041019,3.955197465286519,11.18698779454377,0.005902485458292773,143884.89208633095,221.85372603171643,627.4970964341168,2.27935122080355,119904.0767386091,1.123358556692894,1.123358556692894,-0.5454915338590309,2.0889129307394305
0.0,0.0,125.0,119800.0,9.718400342319327,9.12148431924996,10.480995455909621,3.9581937399197114,11.19546253898948,0.07311890977848594,119760.47904191617,221.5534624691475,626.6478228291738,2.0305991710416964,119904.0767386091,1.1421933175846493,1.1421933175846493,-0.5536984013499919,2.154567870667118
0.0,0.0,125.0,119900.0,9.712690395545359,9.12972378068426,10.497474378778222,3.7418835870420994,10.583645035232447,0.046068601308589675,168269.23076923075,210.23191999735715,594.625665007996,1.6516279274447716,119904.0767386091,1.0706622605334337,1.0706622605334337,-0.5619052688409528,1.9576030508840556
0.0,0.0,125.0,120000.0,9.719595064227303,9.10500539638136,10.464516533041019,3.544405219282046,10.025091863309308,0.05310268399285546,168067.2268907563,199.7884318969843,565.0870199879373,1.9241700222341898,120048.01920768307,0.9963983166077284,0.9963983166077284,-0.529077798877109,1.8262931710286807
0.0,0.0,100.0,115000.0,9.735999831942994,9.022610782038349,10.39860084156661,3.5269248699326425,9.975649969059415,0.22225482911282451,137931.0344827586,194.9444462491127,551.3861595896161,2.5059827023818873,114942.52873563218,0.7480831269337233,0.7480831269337233,0.18491967283649266,1.1451231692789225
0.0,0.0,100.0,115100.0,9.719792811301726,8.849582091918029,10.497474378778222,3.706972359805986,10.484901173159644,-0.1925388448054244,137931.0344827586,204.6163353618239,578.7423931035459,2.174591548840086,114942.52873563218,0.7693142931328393,0.7693142931328393,0.2341608777822583,1.1369163017879615
0.0,0.0,100.0,115200.0,9.71535998105007,8.964934551998242,10.439798148738115,3.876871253043278,10.96544781125636,0.25251308027958314,115340.25374855824,216.16853084485774,611.4169361581291,3.428786027924605,115207.3732718894,0.8242838915872955,0.8242838915872955,0.25878148025514114,1.194364374224688
0.0,0.0,100.0,115300.0,9.719817529686027,8.973174013432544,10.538671685949728,4.113381684628471,11.634400331237346,0.23094300725016,115207.3732718894,227.79948641782195,644.314246387419,3.35491167757587,115340.25374855824,0.9653271162869503,0.9653271162869503,0.07823039545400046,1.5226390738631257
0.0,0.0,100.0,115400.0,9.67665923069316,8.833103169049426,10.497474378778222,4.138650847324476,11.705872316426351,0.25156072229145215,115207.3732718894,227.02339486730241,642.1191279946432,-2.2127935972951946,115340.25374855824,1.023177325230734,1.023177325230734,-0.49625032891326526,1.867327508483485
0.0,0.0,100.0,115500.0,9.692363644186937,8.882539937655233,10.513953301646824,4.357843859585508,12.325843777860278,0.278393826307915,115473.44110854504,241.68263826932548,683.5817296611818,1.7860208133899396,115473.44110854504,1.0987297473525204,1.0987297473525204,-0.4388022564765387,2.023257990811743
0.0,0.0,100.0,115600.0,9.690320257751232,8.841342630483727,10.579868993121233,4.629587914438799,13.094452033595845,0.2598311995568001,138408.3044982699,256.5139242442215,725.5309412074456,0.77431784590212,115473.44110854504,1.1544297570136721,1.1544297570136721,-0.4798365939313434,2.0889129307394305
0.0,0.0,100.0,115700.0,9.669944069624204,8.725990170403513,10.596347915989835,4.928183936304466,13.939009121182002,-0.1681785299511261,138888.88888888888,272.51601541341984,770.7916899230676,4.85243240667912,115942.02898550725,1.2400766261493403,1.2400766261493403,-0.7096288836782496,2.3515326904501803
0.0,0.0,100.0,115800.0,9.660064955364478,8.69303232466631,10.596347915989835,4.92651639091555,13.934292590572248,-0.17897192048327754,115740.74074074073,272.5456839812074,770.8756053049502,5.814885807267779,115774.24023154848,1.2440569568824567,1.2440569568824567,-0.6275602087686404,2.310498352995376
0.0,0.0,100.0,115900.0,9.646247378539156,8.750708554706417,10.612826838858435,5.270366729366389,14.906848214699759,-0.16913088793925724,115874.85515643106,290.64243213826165,822.0609386620631,6.002284583011184,115942.02898550725,1.3475291422084923,1.3475291422084923,-0.7260426186601716,2.5813249801970866
0.0,0.0,100.0,116000.0,9.645085614476917,8.676553401797708,10.728179298938649,5.608334553038589,15.862765574465648,0.287984238328743,116009.28074245939,311.9975027537532,882.4621996417898,5.667137106570295,116009.28074245939,1.4812846685761736,1.4812846685761736,-0.6685945462234449,2.7782897999801492
0.0,0.0,100.0,116100.0,9.602256893941423,8.52000363454599,10.662263607464242,6.0695296014197355,17.167222159105513,-0.20316515498878077,116279.06976744186,335.65748639008564,949.3827391298435,6.447617531158659,116110.30478955008,1.5817859678704813,1.5817859678704813,-0.660387678732484,3.0409095596909
0.0,0.0,100.0,116200.0,9.651635986317187,8.495285250243088,10.719939837504349,6.044714799817109,17.09703530115745,0.30651344901009886,116279.06976744186,335.87837331233493,950.007501692235,6.575749878938681,116009.28074245939,1.579118735935919,1.579118735935919,-0.7342494861511326,2.991668354745134
0.0,0.0,100.0,116300.0,9.594907294342025,8.668313940363406,10.728179298938649,6.54323116473659,18.50705250982558,-0.21576301328791708,116279.06976744186,361.8518482022159,1023.4715825946884,7.054889733177955,116279.06976744186,1.7013436134788003,1.7013436134788003,-0.7342494861511326,3.172219439546274
0.0,0.0,100.0,116400.0,9.566209250166354,8.618877171757601,10.794094990413058,7.070385462695998,19.998070025100503,-0.23300570528355216,139534.88372093023,391.8774254313035,1108.3967396656012,6.689274304333358,116448.32605531295,1.8622064231691255,1.8622064231691255,-0.7096288836782496,3.5087010066756728
0.0,0.0,100.0,116500.0,9.521526650808143,8.363453867294272,10.794094990413058,7.636011264444506,21.597901385222297,-0.24647238139642189,116550.11655011655,424.00624088879965,1199.2707527915481,-3.4665707071687066,116618.07580174928,1.9998520047275223,1.9998520047275223,-0.7424563536420935,3.9190443812237197
0.0,0.0,100.0,116600.0,9.516245156028756,8.355214405859972,10.818813374715962,7.665523488982799,21.681374561618004,0.309554311358166,116550.11655011655,425.28742665489136,1202.8944933642006,-2.625154377772895,116414.43538998836,2.02391454021102,2.02391454021102,-0.7260426186601716,3.8698031762779546
0.0,0.0,100.0,116700.0,9.469889945999377,8.594158787454699,10.835292297584562,8.310109218145934,23.504538322207317,0.3500545879060526,116822.42990654206,461.8033247443157,1306.177050004796,-2.761634109773124,116686.11435239206,2.2335425565326354,2.2335425565326354,-0.7752838236059373,4.304767153298884
0.0,0.0,100.0,116800.0,9.415089287999841,8.487045788808786,10.794094990413058,9.029961150146706,25.54058705247925,-0.2702980391345764,116822.42990654206,500.22124779950116,1414.8393456504946,7.08118399347159,116788.32116788322,2.402119821664464,2.402119821664464,-0.7752838236059373,4.665869322901165
0.0,0.0,100.0,116900.0,9.355608615905624,8.454087943071581,10.81057391328166,9.771031030420323,27.63664920317756,-0.26652202325181135,116959.06432748538,540.3301508444453,1528.2844549666295,8.575365768886753,116959.06432748538,2.586593789126284,2.586593789126284,-0.8573524985155466,5.0597989624672906
0.0,0.0,100.0,117000.0,9.364556671023275,8.536482557414592,10.818813374715962,9.72824626774788,27.51563561990899,-0.2821106197943766,116959.06432748538,539.8901425406248,1527.0399235449902,-6.570128160237757,116959.06432748538,2.5905330855219453,2.5905330855219453,-0.7506632211330544,5.207522577304587
0.0,0.0,100.0,117100.0,9.290591025727554,8.429369558768679,10.719939837504349,10.41631512722727,29.461788245753674,-0.2767139245283011,117096.01873536299,578.7642401492999,1636.9924756713979,-5.7658576906218295,117130.30746705711,2.79639414966521,2.79639414966521,-0.8491456310245857,5.4373148670514935
0.0,0.0,100.0,117200.0,9.235724452036544,8.421130097334379,10.497474378778222,11.003237734135295,31.121856067259078,0.4026180656369322,117233.29425556859,610.1744989994733,1725.8341037985274,9.881314030136506,117233.29425556859,2.941212533410706,2.941212533410706,-0.8655593660065075,5.765589566689932
0.0,0.0,100.0,117300.0,9.250827384845618,8.43760902020298,10.588108454555535,11.02808554014479,31.192136275766767,-0.2904813452690017,117233.29425556859,611.4718727452777,1729.503630892094,7.559906478499863,117130.30746705711,2.9707326357756925,2.9707326357756925,-0.8409387635336247,5.814830771635697
0.0,0.0,100.0,117400.0,9.218965387479175,8.421130097334379,10.431558687303815,11.28621594852218,31.922239324543188,0.3323941950384307,117370.89201877934,624.7064562550065,1766.9366858757298,-4.547974332895144,117370.89201877934,3.015139995769282,3.015139995769282,-0.8409387635336247,5.937933784000111
0.0,0.0,100.0,117500.0,9.208212890307411,8.371693328728572,10.423319225869514,11.324424270585093,32.030308779056966,-0.22428411107645768,117508.81316098708,628.6823045462049,1778.1820830264312,6.525665573617502,117647.05882352941,3.0245614796489053,3.0245614796489053,-0.8327318960426638,5.995381856436838
0.0,0.0,100.0,117600.0,9.217935454799889,8.322256560122767,10.56339007025263,11.196026391035517,31.66714473377905,0.3418008186755842,117647.05882352941,620.9324534699994,1756.262194029748,-3.4665707071687066,117785.63015312131,2.9622959759949845,2.9622959759949845,-0.7752838236059373,8.506683308670885
0.0,0.0,100.0,117700.0,9.209844303671403,8.388172251597174,10.64578468459564,11.158246907776766,31.560288218571106,0.32769923723729366,117647.05882352941,619.6367731913986,1752.5974567847547,8.679708071639201,117647.05882352941,2.984971550872509,2.984971550872509,-0.8245250285517027,5.921520049018189
0.0,0.0,100.0,117800.0,9.263137140228464,8.371693328728572,10.769376606110155,10.797337509228917,30.53948228614254,-0.2040673888722733,117785.63015312131,600.1816174736682,1697.5699666365651,6.3370146902410704,117820.32400589102,2.9008183316201963,2.9008183316201963,-0.7342494861511326,5.634279686834556
0.0,0.0,100.0,117900.0,9.314353632504076,8.462327404505883,10.876489604756067,10.130004643941897,28.651979908730134,0.30068234483715633,117924.52830188679,563.6818015468863,1594.3328972210122,7.847056495674616,117924.52830188679,2.701268348577481,2.701268348577481,-0.7916975585878592,5.240350047268432
0.0,0.0,100.0,118000.0,9.38989301493375,8.602398248889,10.876489604756067,9.418742598965345,26.64022704791601,-0.14694261761929284,118063.75442739078,525.5855051320775,1486.580299088996,4.899177758312209,117994.10029498526,2.514553906290628,2.514553906290628,-0.8327318960426638,4.961316552575759
0.0,0.0,100.0,118100.0,9.37951129352653,8.552961480283194,10.909447450493271,9.427679467731707,26.665504329945087,-0.1457062230382103,118063.75442739078,524.7348239436727,1484.1742093412006,5.899611757102765,117994.10029498526,2.465329115079845,2.465329115079845,-0.8245250285517027,4.862834142684228
0.0,0.0,100.0,118200.0,9.441669790586896,8.627116633191903,10.958884219099076,8.681907042492055,24.556141373509504,0.2020381069086402,118203.3096926714,484.36320646986485,1369.986031408405,-0.25199304397103695,118203.3096926714,2.291622557766166,2.291622557766166,-0.6932151486963278,4.501731973081947
0.0,0.0,100.0,118300.0,9.507610200445608,8.69303232466631,11.08247614061359,7.97417482956921,22.554372385421882,0.21635689280036402,118343.19526627219,445.40430601282077,1259.7936206054148,0.25636265503893446,118203.3096926714,2.1154211127352345,2.1154211127352345,-0.7752838236059373,4.0421473935881345
0.0,0.0,100.0,118400.0,9.4723700238911,8.668313940363406,10.942405296230476,7.987093951932876,22.59091318154319,-0.11203953275603563,118203.3096926714,445.7550988597091,1260.7858126087208,3.3144268641079107,118343.19526627219,2.0859092172377385,2.0859092172377385,-0.7588700886240153,4.058561128570056
0.0,0.0,100.0,118500.0,9.548642718388425,8.75894801614072,10.917686911927571,7.333250749390266,20.741565332140755,-0.07815563802042746,118483.41232227487,410.9520168415323,1162.3478314037432,4.172120592733103,118518.51851851853,1.928903635268165,1.928903635268165,-0.7342494861511326,3.6810452239858527
0.0,0.0,100.0,118600.0,9.575214981514048,8.78366640044362,10.860010681887465,6.754344617605138,19.104171526317806,-0.054045943689321516,118764.84560570071,378.7760895367032,1071.340565850903,3.3448948165116272,118623.96204033215,1.7888206140649527,1.7888206140649527,-0.676801413714406,3.369184259329337
0.0,0.0,100.0,118700.0,9.605379649825021,8.78366640044362,10.860010681887465,6.268793943966889,17.7308268305606,0.13634211376248073,118906.06420927469,349.99787054270263,989.9434706463858,1.2897688214992558,118764.84560570071,1.6486555241868308,1.6486555241868308,-0.7424563536420935,3.065530162163782
0.0,0.0,100.0,118800.0,9.60682979503746,8.78366640044362,10.818813374715962,6.247936895798356,17.67183418977858,-0.0433026772618087,118906.06420927469,349.9704559360704,989.8659304293728,4.375796767705899,118764.84560570071,1.606226019258563,1.606226019258563,-0.7096288836782496,3.106564499618587
0.0,0.0,100.0,118900.0,9.638337495562228,8.915497783392436,10.827052836150262,5.798699537663167,16.401199060579696,0.1446794231673469,118906.06420927469,324.53614267071606,917.9268288903528,3.9989123701640312,118906.06420927469,1.4957944103001923,1.4957944103001923,-0.6193533412776794,2.8275310049259152
0.0,0.0,100.0,119000.0,9.654519797819194,8.964934551998242,10.695221453201446,5.410141353257669,15.302190552265051,0.10142232086434398,119047.61904761905,302.39878487924443,855.312925642743,1.3699037100131464,119189.51132300356,1.4115098811680236,1.4115098811680236,-0.6029396062957575,2.6141524501609306
0.0,0.0,100.0,119100.0,9.668106669724356,8.94845562912964,10.818813374715962,5.397826677154091,15.267359388341228,-0.05179035898059044,119189.51132300356,302.20491360648174,854.764574876152,3.01767735507993,119189.51132300356,1.375292974930413,1.375292974930413,-0.5783190038228747,2.597738715179009
0.0,0.0,100.0,119200.0,9.680704806257403,8.989652936301146,10.629305761727037,5.042586324338399,14.262587938632917,0.05754702127080016,119189.51132300356,282.1587370864099,798.0654254593305,1.2092165637743637,119189.51132300356,1.2909509977258076,1.2909509977258076,-0.5865258713138356,3.1393919695824306
0.0,0.0,100.0,119300.0,9.68572263827089,9.03085024347265,10.654024146029942,4.724482540873428,13.362854568996205,0.01632829922309526,119331.74224343676,264.6765618114754,748.6183667121386,2.2038073936107723,119474.31302270011,1.2052056461802476,1.2052056461802476,-0.5372846663680699,2.294084618013454
0.0,0.0,100.0,119400.0,9.68644771087711,9.022610782038349,10.63754522316134,4.729061653918224,13.375806256539386,0.01913524908284981,119474.31302270011,265.13700521486965,749.9206973237094,2.6583224644004657,119474.31302270011,1.209079287635981,1.209079287635981,-0.6111464737867185,2.236636545576727
0.0,0.0,100.0,119500.0,9.69548640007054,9.014371320604047,10.530432224515426,4.448147907797381,12.581262197297129,0.03878389810113148,119474.31302270011,249.0939243073702,704.5440121204402,2.1875299943813915,119474.31302270011,1.1111795653363084,1.1111795653363084,-0.529077798877109,2.056085460775587
0.0,0.0,100.0,119600.0,9.707169956384377,9.11324485781566,10.464516533041019,4.182020434913871,11.828540034353251,0.02413095151181764,119760.47904191617,234.6389433449208,663.6591518785585,3.201319807924252,119617.22488038278,1.0570881017033844,1.0570881017033844,-0.5619052688409528,1.9493961833930946
0.0,0.0,100.0,119700.0,9.697900562270789,9.12972378068426,10.555150608818328,3.9635900307885388,11.210725554455891,0.022727476581940464,130576.71381936889,221.54154442275367,626.6141135034795,1.827340365279906,119760.47904191617,0.9921471592474106,0.9921471592474106,-0.5454915338590309,1.7770519660829147
0.0,0.0,100.0,119800.0,9.709584118584626,9.11324485781566,10.472755994475321,3.9672619579942303,11.221111332964561,0.020572140082486087,119760.47904191617,222.40142815720338,629.0462319821252,2.5585712229691233,119617.22488038278,0.9583266583171606,0.9583266583171606,-0.5536984013499919,1.7688450985919537
0.0,0.0,100.0,119900.0,9.712319619780816,9.12148431924996,10.530432224515426,3.758850272953338,10.631634069880842,0.02971143516156775,119760.47904191617,210.0727891509756,594.1755750057066,1.570658300508865,119904.0767386091,0.915380120736962,0.915380120736962,-0.5372846663680699,1.6621558212094616
0.0,0.0,100.0,120000.0,9.723195708874092,9.154442164987165,10.530432224515426,3.561818074262147,10.074342854654297,0.04750549230822584,119760.47904191617,199.93886800230788,565.5125175487758,2.264743298418203,120192.30769230769,0.8705788311038062,0.8705788311038062,-0.4552159914584606,1.612914616263696
